httpfarm6staticflickrcom552010364231783_5ffde9804c_b.jpg,personai_icartoonface_rectrain_03955_0000019.jpg,personai_icartoonface_rectrain_00845_0000007.jpg,1
personai_icartoonface_rectrain_04161_0000016.jpg,personai_icartoonface_rectrain_04019_0000012.jpg,personai_icartoonface_rectrain_04208_0000044.jpg,2
personai_icartoonface_rectrain_03482_0000088.jpg,personai_icartoonface_rectrain_03544_0000003.jpg,personai_icartoonface_rectrain_03870_0000234.jpg,2
personai_icartoonface_rectrain_03195_0000313.jpg,personai_icartoonface_rectrain_03079_0000054.jpg,personai_icartoonface_rectrain_01740_0000032.jpg,2
personai_icartoonface_rectrain_04361_0000172.jpg,personai_icartoonface_rectrain_02009_0000037.jpg,httpfarm1staticflickrcom156438653409_28eb33b9dc_z.jpg,3
personai_icartoonface_rectrain_00531_0000012.jpg,personai_icartoonface_rectrain_01159_0000022.jpg,httpfarm3staticflickrcom293514194309680_a1ddc803d3_b.jpg,2
personai_icartoonface_rectrain_00203_0000132.jpg,personai_icartoonface_rectrain_01014_0000088.jpg,personai_icartoonface_rectrain_03470_0000024.jpg,3
httpfarm6staticflickrcom55159056401988_7b7d7929e5_b.jpg,personai_icartoonface_rectrain_01020_0000014.jpg,personai_icartoonface_rectrain_04561_0000011.jpg,2
personai_icartoonface_rectrain_03745_0000016.jpg,personai_icartoonface_rectrain_00952_0000055.jpg,personai_icartoonface_rectrain_02228_0000002.jpg,2
personai_icartoonface_rectrain_01742_0000207.jpg,personai_icartoonface_rectrain_03580_0000070.jpg,personai_icartoonface_rectrain_04990_0000071.jpg,1
personai_icartoonface_rectrain_02842_0000212.jpg,personai_icartoonface_rectrain_04366_0000039.jpg,personai_icartoonface_rectrain_01887_0000046.jpg,1
